Series Name,Series Code,Country Name,Country Code,2020 [YR2020]
"GDP per capita, PPP (current international $)",NY.GDP.PCAP.PP.CD,Afghanistan,AFG,2078.47908182601
"GDP per capita, PPP (current international $)",NY.GDP.PCAP.PP.CD,Albania,ALB,13632.1865366302
"GDP per capita, PPP (current international $)",NY.GDP.PCAP.PP.CD,Algeria,DZA,11323.3122190849
"GDP per capita, PPP (current international $)",NY.GDP.PCAP.PP.CD,American Samoa,ASM,..
"GDP per capita, PPP (current international $)",NY.GDP.PCAP.PP.CD,Andorra,AND,..
"GDP per capita, PPP (current international $)",NY.GDP.PCAP.PP.CD,Angola,AGO,6478.33218196834
"GDP per capita, PPP (current international $)",NY.GDP.PCAP.PP.CD,Antigua and Barbuda,ATG,18240.3804056479
"GDP per capita, PPP (current international $)",NY.GDP.PCAP.PP.CD,Argentina,ARG,20769.0323781598
"GDP per capita, PPP (current international $)",NY.GDP.PCAP.PP.CD,Armenia,ARM,13311.0281362153
"GDP per capita, PPP (current international $)",NY.GDP.PCAP.PP.CD,Aruba,ABW,31182.8338812015
"GDP per capita, PPP (current international $)",NY.GDP.PCAP.PP.CD,Australia,AUS,53316.8854335814
"GDP per capita, PPP (current international $)",NY.GDP.PCAP.PP.CD,Austria,AUT,55685.9702933361
"GDP per capita, PPP (current international $)",NY.GDP.PCAP.PP.CD,Azerbaijan,AZE,14478.5244519377
"GDP per capita, PPP (current international $)",NY.GDP.PCAP.PP.CD,"Bahamas, The",BHS,29064.7594970233
"GDP per capita, PPP (current international $)",NY.GDP.PCAP.PP.CD,Bahrain,BHR,43821.1244906362
"GDP per capita, PPP (current international $)",NY.GDP.PCAP.PP.CD,Bangladesh,BGD,5995.40742859276
"GDP per capita, PPP (current international $)",NY.GDP.PCAP.PP.CD,Barbados,BRB,14045.7728319619
"GDP per capita, PPP (current international $)",NY.GDP.PCAP.PP.CD,Belarus,BLR,20237.5511291865
"GDP per capita, PPP (current international $)",NY.GDP.PCAP.PP.CD,Belgium,BEL,53070.2148197652
"GDP per capita, PPP (current international $)",NY.GDP.PCAP.PP.CD,Belize,BLZ,6165.84966925761
"GDP per capita, PPP (current international $)",NY.GDP.PCAP.PP.CD,Benin,BEN,3505.1384547304
"GDP per capita, PPP (current international $)",NY.GDP.PCAP.PP.CD,Bermuda,BMU,80273.0817053991
"GDP per capita, PPP (current international $)",NY.GDP.PCAP.PP.CD,Bhutan,BTN,11129.3084547092
"GDP per capita, PPP (current international $)",NY.GDP.PCAP.PP.CD,Bolivia,BOL,8283.13119529083
"GDP per capita, PPP (current international $)",NY.GDP.PCAP.PP.CD,Bosnia and Herzegovina,BIH,15598.4303394866
"GDP per capita, PPP (current international $)",NY.GDP.PCAP.PP.CD,Botswana,BWA,15471.0948083951
"GDP per capita, PPP (current international $)",NY.GDP.PCAP.PP.CD,Brazil,BRA,14834.1937022808
"GDP per capita, PPP (current international $)",NY.GDP.PCAP.PP.CD,British Virgin Islands,VGB,..
"GDP per capita, PPP (current international $)",NY.GDP.PCAP.PP.CD,Brunei Darussalam,BRN,65607.350749438
"GDP per capita, PPP (current international $)",NY.GDP.PCAP.PP.CD,Bulgaria,BGR,24564.4376812432
"GDP per capita, PPP (current international $)",NY.GDP.PCAP.PP.CD,Burkina Faso,BFA,2273.83136519316
"GDP per capita, PPP (current international $)",NY.GDP.PCAP.PP.CD,Burundi,BDI,771.101237228677
"GDP per capita, PPP (current international $)",NY.GDP.PCAP.PP.CD,Cabo Verde,CPV,6376.12227912431
"GDP per capita, PPP (current international $)",NY.GDP.PCAP.PP.CD,Cambodia,KHM,4423.47463119877
"GDP per capita, PPP (current international $)",NY.GDP.PCAP.PP.CD,Cameroon,CMR,3867.20380825838
"GDP per capita, PPP (current international $)",NY.GDP.PCAP.PP.CD,Canada,CAN,46572.1374328364
"GDP per capita, PPP (current international $)",NY.GDP.PCAP.PP.CD,Cayman Islands,CYM,72481.0138555976
"GDP per capita, PPP (current international $)",NY.GDP.PCAP.PP.CD,Central African Republic,CAF,989.218743666095
"GDP per capita, PPP (current international $)",NY.GDP.PCAP.PP.CD,Chad,TCD,1591.66995264718
"GDP per capita, PPP (current international $)",NY.GDP.PCAP.PP.CD,Channel Islands,CHI,..
"GDP per capita, PPP (current international $)",NY.GDP.PCAP.PP.CD,Chile,CHL,25089.0312965357
"GDP per capita, PPP (current international $)",NY.GDP.PCAP.PP.CD,China,CHN,17189.281794248
"GDP per capita, PPP (current international $)",NY.GDP.PCAP.PP.CD,Colombia,COL,14868.4698189141
"GDP per capita, PPP (current international $)",NY.GDP.PCAP.PP.CD,Comoros,COM,3147.85659734717
"GDP per capita, PPP (current international $)",NY.GDP.PCAP.PP.CD,"Congo, Dem. Rep.",COD,1141.72600679475
"GDP per capita, PPP (current international $)",NY.GDP.PCAP.PP.CD,"Congo, Rep.",COG,3689.11172892928
"GDP per capita, PPP (current international $)",NY.GDP.PCAP.PP.CD,Costa Rica,CRI,22243.8019575334
"GDP per capita, PPP (current international $)",NY.GDP.PCAP.PP.CD,Cote d'Ivoire,CIV,5465.06878145594
"GDP per capita, PPP (current international $)",NY.GDP.PCAP.PP.CD,Croatia,HRV,28780.316739861
"GDP per capita, PPP (current international $)",NY.GDP.PCAP.PP.CD,Cuba,CUB,..
"GDP per capita, PPP (current international $)",NY.GDP.PCAP.PP.CD,Curacao,CUW,20681.244711152
"GDP per capita, PPP (current international $)",NY.GDP.PCAP.PP.CD,Cyprus,CYP,39593.42578125
"GDP per capita, PPP (current international $)",NY.GDP.PCAP.PP.CD,Czech Republic,CZE,41608.0253519702
"GDP per capita, PPP (current international $)",NY.GDP.PCAP.PP.CD,Denmark,DNK,60229.9147703017
"GDP per capita, PPP (current international $)",NY.GDP.PCAP.PP.CD,Djibouti,DJI,5532.68212308233
"GDP per capita, PPP (current international $)",NY.GDP.PCAP.PP.CD,Dominica,DMA,10818.0249446668
"GDP per capita, PPP (current international $)",NY.GDP.PCAP.PP.CD,Dominican Republic,DOM,17934.1932525646
"GDP per capita, PPP (current international $)",NY.GDP.PCAP.PP.CD,Ecuador,ECU,10890.4566364911
"GDP per capita, PPP (current international $)",NY.GDP.PCAP.PP.CD,"Egypt, Arab Rep.",EGY,12605.9757372681
"GDP per capita, PPP (current international $)",NY.GDP.PCAP.PP.CD,El Salvador,SLV,8419.79943795876
"GDP per capita, PPP (current international $)",NY.GDP.PCAP.PP.CD,Equatorial Guinea,GNQ,18157.5136718207
"GDP per capita, PPP (current international $)",NY.GDP.PCAP.PP.CD,Eritrea,ERI,..
"GDP per capita, PPP (current international $)",NY.GDP.PCAP.PP.CD,Estonia,EST,37645.2213607112
"GDP per capita, PPP (current international $)",NY.GDP.PCAP.PP.CD,Eswatini,SWZ,8865.01713753376
"GDP per capita, PPP (current international $)",NY.GDP.PCAP.PP.CD,Ethiopia,ETH,2422.68102598534
"GDP per capita, PPP (current international $)",NY.GDP.PCAP.PP.CD,Faroe Islands,FRO,..
"GDP per capita, PPP (current international $)",NY.GDP.PCAP.PP.CD,Fiji,FJI,12158.2433075869
"GDP per capita, PPP (current international $)",NY.GDP.PCAP.PP.CD,Finland,FIN,50937.1607539726
"GDP per capita, PPP (current international $)",NY.GDP.PCAP.PP.CD,France,FRA,46991.1820282957
"GDP per capita, PPP (current international $)",NY.GDP.PCAP.PP.CD,French Polynesia,PYF,..
"GDP per capita, PPP (current international $)",NY.GDP.PCAP.PP.CD,Gabon,GAB,15105.1343141622
"GDP per capita, PPP (current international $)",NY.GDP.PCAP.PP.CD,"Gambia, The",GMB,2276.65070826113
"GDP per capita, PPP (current international $)",NY.GDP.PCAP.PP.CD,Georgia,GEO,14731.2005947457
"GDP per capita, PPP (current international $)",NY.GDP.PCAP.PP.CD,Germany,DEU,54844.5459733622
"GDP per capita, PPP (current international $)",NY.GDP.PCAP.PP.CD,Ghana,GHA,5749.65538548528
"GDP per capita, PPP (current international $)",NY.GDP.PCAP.PP.CD,Gibraltar,GIB,..
"GDP per capita, PPP (current international $)",NY.GDP.PCAP.PP.CD,Greece,GRC,27948.6497284227
"GDP per capita, PPP (current international $)",NY.GDP.PCAP.PP.CD,Greenland,GRL,..
"GDP per capita, PPP (current international $)",NY.GDP.PCAP.PP.CD,Grenada,GRD,15273.5403558146
"GDP per capita, PPP (current international $)",NY.GDP.PCAP.PP.CD,Guam,GUM,..
"GDP per capita, PPP (current international $)",NY.GDP.PCAP.PP.CD,Guatemala,GTM,8852.94774326286
"GDP per capita, PPP (current international $)",NY.GDP.PCAP.PP.CD,Guinea,GIN,2754.41838364472
"GDP per capita, PPP (current international $)",NY.GDP.PCAP.PP.CD,Guinea-Bissau,GNB,1948.64340064163
"GDP per capita, PPP (current international $)",NY.GDP.PCAP.PP.CD,Guyana,GUY,19702.974420268
"GDP per capita, PPP (current international $)",NY.GDP.PCAP.PP.CD,Haiti,HTI,3094.94162119501
"GDP per capita, PPP (current international $)",NY.GDP.PCAP.PP.CD,Honduras,HND,5419.79216425844
"GDP per capita, PPP (current international $)",NY.GDP.PCAP.PP.CD,"Hong Kong SAR, China",HKG,58980.0110511236
"GDP per capita, PPP (current international $)",NY.GDP.PCAP.PP.CD,Hungary,HUN,33274.3476562091
"GDP per capita, PPP (current international $)",NY.GDP.PCAP.PP.CD,Iceland,ISL,53616.6847084842
"GDP per capita, PPP (current international $)",NY.GDP.PCAP.PP.CD,India,IND,6525.42805209485
"GDP per capita, PPP (current international $)",NY.GDP.PCAP.PP.CD,Indonesia,IDN,12072.4399629246
"GDP per capita, PPP (current international $)",NY.GDP.PCAP.PP.CD,"Iran, Islamic Rep.",IRN,15791.1595076543
"GDP per capita, PPP (current international $)",NY.GDP.PCAP.PP.CD,Iraq,IRQ,9954.34526324721
"GDP per capita, PPP (current international $)",NY.GDP.PCAP.PP.CD,Ireland,IRL,93350.0875336544
"GDP per capita, PPP (current international $)",NY.GDP.PCAP.PP.CD,Isle of Man,IMN,..
"GDP per capita, PPP (current international $)",NY.GDP.PCAP.PP.CD,Israel,ISR,39489.2807769984
"GDP per capita, PPP (current international $)",NY.GDP.PCAP.PP.CD,Italy,ITA,41987.8159630472
"GDP per capita, PPP (current international $)",NY.GDP.PCAP.PP.CD,Jamaica,JAM,9240.82186933554
"GDP per capita, PPP (current international $)",NY.GDP.PCAP.PP.CD,Japan,JPN,42100.257690921
"GDP per capita, PPP (current international $)",NY.GDP.PCAP.PP.CD,Jordan,JOR,10354.1640265093
"GDP per capita, PPP (current international $)",NY.GDP.PCAP.PP.CD,Kazakhstan,KAZ,26750.4462260761
"GDP per capita, PPP (current international $)",NY.GDP.PCAP.PP.CD,Kenya,KEN,4587.1863196792
"GDP per capita, PPP (current international $)",NY.GDP.PCAP.PP.CD,Kiribati,KIR,2171.86794306447
"GDP per capita, PPP (current international $)",NY.GDP.PCAP.PP.CD,"Korea, Dem. People's Rep.",PRK,..
"GDP per capita, PPP (current international $)",NY.GDP.PCAP.PP.CD,"Korea, Rep.",KOR,45225.8445435145
"GDP per capita, PPP (current international $)",NY.GDP.PCAP.PP.CD,Kosovo,XKX,11292.8626513626
"GDP per capita, PPP (current international $)",NY.GDP.PCAP.PP.CD,Kuwait,KWT,47303.1298528111
"GDP per capita, PPP (current international $)",NY.GDP.PCAP.PP.CD,Kyrgyz Republic,KGZ,4985.02955528531
"GDP per capita, PPP (current international $)",NY.GDP.PCAP.PP.CD,Lao PDR,LAO,8238.4945676447
"GDP per capita, PPP (current international $)",NY.GDP.PCAP.PP.CD,Latvia,LVA,31424.9022103534
"GDP per capita, PPP (current international $)",NY.GDP.PCAP.PP.CD,Lebanon,LBN,11376.7939846074
"GDP per capita, PPP (current international $)",NY.GDP.PCAP.PP.CD,Lesotho,LSO,2569.33774118471
"GDP per capita, PPP (current international $)",NY.GDP.PCAP.PP.CD,Liberia,LBR,1468.24523891743
"GDP per capita, PPP (current international $)",NY.GDP.PCAP.PP.CD,Libya,LBY,17286.3681373478
"GDP per capita, PPP (current international $)",NY.GDP.PCAP.PP.CD,Liechtenstein,LIE,..
"GDP per capita, PPP (current international $)",NY.GDP.PCAP.PP.CD,Lithuania,LTU,38880.5452693822
"GDP per capita, PPP (current international $)",NY.GDP.PCAP.PP.CD,Luxembourg,LUX,117846.13649183
"GDP per capita, PPP (current international $)",NY.GDP.PCAP.PP.CD,"Macao SAR, China",MAC,60890.5490558431
"GDP per capita, PPP (current international $)",NY.GDP.PCAP.PP.CD,Madagascar,MDG,1543.95293801829
"GDP per capita, PPP (current international $)",NY.GDP.PCAP.PP.CD,Malawi,MWI,1591.47559107047
"GDP per capita, PPP (current international $)",NY.GDP.PCAP.PP.CD,Malaysia,MYS,27921.4109533867
"GDP per capita, PPP (current international $)",NY.GDP.PCAP.PP.CD,Maldives,MDV,13442.3861472741
"GDP per capita, PPP (current international $)",NY.GDP.PCAP.PP.CD,Mali,MLI,2347.79667440968
"GDP per capita, PPP (current international $)",NY.GDP.PCAP.PP.CD,Malta,MLT,43243.1726484364
"GDP per capita, PPP (current international $)",NY.GDP.PCAP.PP.CD,Marshall Islands,MHL,4147.09724518726
"GDP per capita, PPP (current international $)",NY.GDP.PCAP.PP.CD,Mauritania,MRT,5389.64648844584
"GDP per capita, PPP (current international $)",NY.GDP.PCAP.PP.CD,Mauritius,MUS,20528.8336499786
"GDP per capita, PPP (current international $)",NY.GDP.PCAP.PP.CD,Mexico,MEX,18670.8104030112
"GDP per capita, PPP (current international $)",NY.GDP.PCAP.PP.CD,"Micronesia, Fed. Sts.",FSM,3552.5960366764
"GDP per capita, PPP (current international $)",NY.GDP.PCAP.PP.CD,Moldova,MDA,12941.8927818422
"GDP per capita, PPP (current international $)",NY.GDP.PCAP.PP.CD,Monaco,MCO,..
"GDP per capita, PPP (current international $)",NY.GDP.PCAP.PP.CD,Mongolia,MNG,12365.9384827552
"GDP per capita, PPP (current international $)",NY.GDP.PCAP.PP.CD,Montenegro,MNE,19989.6536652962
"GDP per capita, PPP (current international $)",NY.GDP.PCAP.PP.CD,Morocco,MAR,7368.8916015625
"GDP per capita, PPP (current international $)",NY.GDP.PCAP.PP.CD,Mozambique,MOZ,1297.29871622243
"GDP per capita, PPP (current international $)",NY.GDP.PCAP.PP.CD,Myanmar,MMR,5123.40770860442
"GDP per capita, PPP (current international $)",NY.GDP.PCAP.PP.CD,Namibia,NAM,9358.53716756859
"GDP per capita, PPP (current international $)",NY.GDP.PCAP.PP.CD,Nauru,NRU,14337.2654088139
"GDP per capita, PPP (current international $)",NY.GDP.PCAP.PP.CD,Nepal,NPL,3996.66547005558
"GDP per capita, PPP (current international $)",NY.GDP.PCAP.PP.CD,Netherlands,NLD,59266.9085805339
"GDP per capita, PPP (current international $)",NY.GDP.PCAP.PP.CD,New Caledonia,NCL,..
"GDP per capita, PPP (current international $)",NY.GDP.PCAP.PP.CD,New Zealand,NZL,44657.7737248265
"GDP per capita, PPP (current international $)",NY.GDP.PCAP.PP.CD,Nicaragua,NIC,5573.86872875058
"GDP per capita, PPP (current international $)",NY.GDP.PCAP.PP.CD,Niger,NER,1288.15351243721
"GDP per capita, PPP (current international $)",NY.GDP.PCAP.PP.CD,Nigeria,NGA,5185.98858372607
"GDP per capita, PPP (current international $)",NY.GDP.PCAP.PP.CD,North Macedonia,MKD,16719.6900959522
"GDP per capita, PPP (current international $)",NY.GDP.PCAP.PP.CD,Northern Mariana Islands,MNP,..
"GDP per capita, PPP (current international $)",NY.GDP.PCAP.PP.CD,Norway,NOR,62644.8457362642
"GDP per capita, PPP (current international $)",NY.GDP.PCAP.PP.CD,Oman,OMN,31117.7577060692
"GDP per capita, PPP (current international $)",NY.GDP.PCAP.PP.CD,Pakistan,PAK,5426.01978790109
"GDP per capita, PPP (current international $)",NY.GDP.PCAP.PP.CD,Palau,PLW,16318.6789479118
"GDP per capita, PPP (current international $)",NY.GDP.PCAP.PP.CD,Panama,PAN,26780.3006033508
"GDP per capita, PPP (current international $)",NY.GDP.PCAP.PP.CD,Papua New Guinea,PNG,4285.76547486009
"GDP per capita, PPP (current international $)",NY.GDP.PCAP.PP.CD,Paraguay,PRY,13034.7165447496
"GDP per capita, PPP (current international $)",NY.GDP.PCAP.PP.CD,Peru,PER,11908.0607001648
"GDP per capita, PPP (current international $)",NY.GDP.PCAP.PP.CD,Philippines,PHL,8394.24225784877
"GDP per capita, PPP (current international $)",NY.GDP.PCAP.PP.CD,Poland,POL,34286.9850845384
"GDP per capita, PPP (current international $)",NY.GDP.PCAP.PP.CD,Portugal,PRT,34177.085710564
"GDP per capita, PPP (current international $)",NY.GDP.PCAP.PP.CD,Puerto Rico,PRI,34333.7472481387
"GDP per capita, PPP (current international $)",NY.GDP.PCAP.PP.CD,Qatar,QAT,89961.4332328736
"GDP per capita, PPP (current international $)",NY.GDP.PCAP.PP.CD,Romania,ROU,32202.2086556273
"GDP per capita, PPP (current international $)",NY.GDP.PCAP.PP.CD,Russian Federation,RUS,29916.013671875
"GDP per capita, PPP (current international $)",NY.GDP.PCAP.PP.CD,Rwanda,RWA,2213.568597609
"GDP per capita, PPP (current international $)",NY.GDP.PCAP.PP.CD,Samoa,WSM,6764.5599909255
"GDP per capita, PPP (current international $)",NY.GDP.PCAP.PP.CD,San Marino,SMR,59571.9068046212
"GDP per capita, PPP (current international $)",NY.GDP.PCAP.PP.CD,Sao Tome and Principe,STP,4273.4934200345
"GDP per capita, PPP (current international $)",NY.GDP.PCAP.PP.CD,Saudi Arabia,SAU,46778.2983720365
"GDP per capita, PPP (current international $)",NY.GDP.PCAP.PP.CD,Senegal,SEN,3503.5950167704
"GDP per capita, PPP (current international $)",NY.GDP.PCAP.PP.CD,Serbia,SRB,19093.9553065153
"GDP per capita, PPP (current international $)",NY.GDP.PCAP.PP.CD,Seychelles,SYC,28338.9771447603
"GDP per capita, PPP (current international $)",NY.GDP.PCAP.PP.CD,Sierra Leone,SLE,1726.96415670972
"GDP per capita, PPP (current international $)",NY.GDP.PCAP.PP.CD,Singapore,SGP,99681.2941505156
"GDP per capita, PPP (current international $)",NY.GDP.PCAP.PP.CD,Sint Maarten (Dutch part),SXM,..
"GDP per capita, PPP (current international $)",NY.GDP.PCAP.PP.CD,Slovak Republic,SVK,31356.458282425
"GDP per capita, PPP (current international $)",NY.GDP.PCAP.PP.CD,Slovenia,SVN,39725.259194249
"GDP per capita, PPP (current international $)",NY.GDP.PCAP.PP.CD,Solomon Islands,SLB,2618.32370212961
"GDP per capita, PPP (current international $)",NY.GDP.PCAP.PP.CD,Somalia,SOM,1245.64228299398
"GDP per capita, PPP (current international $)",NY.GDP.PCAP.PP.CD,South Africa,ZAF,13359.4843319287
"GDP per capita, PPP (current international $)",NY.GDP.PCAP.PP.CD,South Sudan,SSD,..
"GDP per capita, PPP (current international $)",NY.GDP.PCAP.PP.CD,Spain,ESP,37756.3509997639
"GDP per capita, PPP (current international $)",NY.GDP.PCAP.PP.CD,Sri Lanka,LKA,13226.7300579257
"GDP per capita, PPP (current international $)",NY.GDP.PCAP.PP.CD,St. Kitts and Nevis,KNA,25639.2395986635
"GDP per capita, PPP (current international $)",NY.GDP.PCAP.PP.CD,St. Lucia,LCA,12708.7945142816
"GDP per capita, PPP (current international $)",NY.GDP.PCAP.PP.CD,St. Martin (French part),MAF,..
"GDP per capita, PPP (current international $)",NY.GDP.PCAP.PP.CD,St. Vincent and the Grenadines,VCT,13402.579535245
"GDP per capita, PPP (current international $)",NY.GDP.PCAP.PP.CD,Sudan,SDN,4142.11083984375
"GDP per capita, PPP (current international $)",NY.GDP.PCAP.PP.CD,Suriname,SUR,16733.3826783171
"GDP per capita, PPP (current international $)",NY.GDP.PCAP.PP.CD,Sweden,SWE,55064.8850101551
"GDP per capita, PPP (current international $)",NY.GDP.PCAP.PP.CD,Switzerland,CHE,71745.2993952823
"GDP per capita, PPP (current international $)",NY.GDP.PCAP.PP.CD,Syrian Arab Republic,SYR,..
"GDP per capita, PPP (current international $)",NY.GDP.PCAP.PP.CD,Tajikistan,TJK,3854.19043507558
"GDP per capita, PPP (current international $)",NY.GDP.PCAP.PP.CD,Tanzania,TZA,2779.68359375
"GDP per capita, PPP (current international $)",NY.GDP.PCAP.PP.CD,Thailand,THA,18197.9424146923
"GDP per capita, PPP (current international $)",NY.GDP.PCAP.PP.CD,Timor-Leste,TLS,4140.95507041672
"GDP per capita, PPP (current international $)",NY.GDP.PCAP.PP.CD,Togo,TGO,2223.31695636514
"GDP per capita, PPP (current international $)",NY.GDP.PCAP.PP.CD,Tonga,TON,6693.78564060753
"GDP per capita, PPP (current international $)",NY.GDP.PCAP.PP.CD,Trinidad and Tobago,TTO,26125.1532914982
"GDP per capita, PPP (current international $)",NY.GDP.PCAP.PP.CD,Tunisia,TUN,10878.8231940284
"GDP per capita, PPP (current international $)",NY.GDP.PCAP.PP.CD,Turkiye,TUR,27235.4258308094
"GDP per capita, PPP (current international $)",NY.GDP.PCAP.PP.CD,Turkmenistan,TKM,..
"GDP per capita, PPP (current international $)",NY.GDP.PCAP.PP.CD,Turks and Caicos Islands,TCA,22283.9778508705
"GDP per capita, PPP (current international $)",NY.GDP.PCAP.PP.CD,Tuvalu,TUV,4791.67926519187
"GDP per capita, PPP (current international $)",NY.GDP.PCAP.PP.CD,Uganda,UGA,2294.14798353267
"GDP per capita, PPP (current international $)",NY.GDP.PCAP.PP.CD,Ukraine,UKR,13087.3095703125
"GDP per capita, PPP (current international $)",NY.GDP.PCAP.PP.CD,United Arab Emirates,ARE,66766.0539321336
"GDP per capita, PPP (current international $)",NY.GDP.PCAP.PP.CD,United Kingdom,GBR,46526.9118652819
"GDP per capita, PPP (current international $)",NY.GDP.PCAP.PP.CD,United States,USA,63027.6795267153
"GDP per capita, PPP (current international $)",NY.GDP.PCAP.PP.CD,Uruguay,URY,22728.2153251936
"GDP per capita, PPP (current international $)",NY.GDP.PCAP.PP.CD,Uzbekistan,UZB,7746.43096873822
"GDP per capita, PPP (current international $)",NY.GDP.PCAP.PP.CD,Vanuatu,VUT,3036.11676727198
"GDP per capita, PPP (current international $)",NY.GDP.PCAP.PP.CD,"Venezuela, RB",VEN,..
"GDP per capita, PPP (current international $)",NY.GDP.PCAP.PP.CD,Vietnam,VNM,10904.4521455449
"GDP per capita, PPP (current international $)",NY.GDP.PCAP.PP.CD,Virgin Islands (U.S.),VIR,..
"GDP per capita, PPP (current international $)",NY.GDP.PCAP.PP.CD,West Bank and Gaza,PSE,5698.41205720855
"GDP per capita, PPP (current international $)",NY.GDP.PCAP.PP.CD,"Yemen, Rep.",YEM,..
"GDP per capita, PPP (current international $)",NY.GDP.PCAP.PP.CD,Zambia,ZMB,3457.3281021266
"GDP per capita, PPP (current international $)",NY.GDP.PCAP.PP.CD,Zimbabwe,ZWE,2251.45567397734
"GDP per capita, PPP (current international $)",NY.GDP.PCAP.PP.CD,Africa Eastern and Southern,AFE,3659.27286844549
"GDP per capita, PPP (current international $)",NY.GDP.PCAP.PP.CD,Africa Western and Central,AFW,4241.52249851725
"GDP per capita, PPP (current international $)",NY.GDP.PCAP.PP.CD,Arab World,ARB,14269.2234189005
"GDP per capita, PPP (current international $)",NY.GDP.PCAP.PP.CD,Caribbean small states,CSS,15670.6004223567
"GDP per capita, PPP (current international $)",NY.GDP.PCAP.PP.CD,Central Europe and the Baltics,CEB,33757.4207336298
"GDP per capita, PPP (current international $)",NY.GDP.PCAP.PP.CD,Early-demographic dividend,EAR,9381.82747839682
"GDP per capita, PPP (current international $)",NY.GDP.PCAP.PP.CD,East Asia & Pacific,EAS,18612.8518138459
"GDP per capita, PPP (current international $)",NY.GDP.PCAP.PP.CD,East Asia & Pacific (excluding high income),EAP,15263.9049252225
"GDP per capita, PPP (current international $)",NY.GDP.PCAP.PP.CD,East Asia & Pacific (IDA & IBRD countries),TEA,15433.1012429802
"GDP per capita, PPP (current international $)",NY.GDP.PCAP.PP.CD,Euro area,EMU,47146.7735217412
"GDP per capita, PPP (current international $)",NY.GDP.PCAP.PP.CD,Europe & Central Asia,ECS,35860.6268150762
"GDP per capita, PPP (current international $)",NY.GDP.PCAP.PP.CD,Europe & Central Asia (excluding high income),ECA,22651.2777779461
"GDP per capita, PPP (current international $)",NY.GDP.PCAP.PP.CD,Europe & Central Asia (IDA & IBRD countries),TEC,24057.5403379098
"GDP per capita, PPP (current international $)",NY.GDP.PCAP.PP.CD,European Union,EUU,44817.4260078178
"GDP per capita, PPP (current international $)",NY.GDP.PCAP.PP.CD,Fragile and conflict affected situations,FCS,4674.02685747001
"GDP per capita, PPP (current international $)",NY.GDP.PCAP.PP.CD,Heavily indebted poor countries (HIPC),HPC,2680.07560220048
"GDP per capita, PPP (current international $)",NY.GDP.PCAP.PP.CD,High income,HIC,50452.4219022845
"GDP per capita, PPP (current international $)",NY.GDP.PCAP.PP.CD,IBRD only,IBD,13814.6593534467
"GDP per capita, PPP (current international $)",NY.GDP.PCAP.PP.CD,IDA & IBRD total,IBT,11250.0144880235
"GDP per capita, PPP (current international $)",NY.GDP.PCAP.PP.CD,IDA blend,IDB,5225.87515939429
"GDP per capita, PPP (current international $)",NY.GDP.PCAP.PP.CD,IDA only,IDX,3336.29868932102
"GDP per capita, PPP (current international $)",NY.GDP.PCAP.PP.CD,IDA total,IDA,3960.34015955789
"GDP per capita, PPP (current international $)",NY.GDP.PCAP.PP.CD,Late-demographic dividend,LTE,18415.062822688
"GDP per capita, PPP (current international $)",NY.GDP.PCAP.PP.CD,Latin America & Caribbean,LCN,15685.2357925303
"GDP per capita, PPP (current international $)",NY.GDP.PCAP.PP.CD,Latin America & Caribbean (excluding high income),LAC,15028.1176057771
"GDP per capita, PPP (current international $)",NY.GDP.PCAP.PP.CD,Latin America & the Caribbean (IDA & IBRD countries),TLA,15607.8327129364
"GDP per capita, PPP (current international $)",NY.GDP.PCAP.PP.CD,Least developed countries: UN classification,LDC,3263.07536442793
"GDP per capita, PPP (current international $)",NY.GDP.PCAP.PP.CD,Low & middle income,LMY,10894.5734914349
"GDP per capita, PPP (current international $)",NY.GDP.PCAP.PP.CD,Low income,LIC,2087.65612106923
"GDP per capita, PPP (current international $)",NY.GDP.PCAP.PP.CD,Lower middle income,LMC,7381.26150782863
"GDP per capita, PPP (current international $)",NY.GDP.PCAP.PP.CD,Middle East & North Africa,MEA,16587.0970165313
"GDP per capita, PPP (current international $)",NY.GDP.PCAP.PP.CD,Middle East & North Africa (excluding high income),MNA,11009.5569009084
"GDP per capita, PPP (current international $)",NY.GDP.PCAP.PP.CD,Middle East & North Africa (IDA & IBRD countries),TMN,11076.0330146371
"GDP per capita, PPP (current international $)",NY.GDP.PCAP.PP.CD,Middle income,MIC,11937.8214735074
"GDP per capita, PPP (current international $)",NY.GDP.PCAP.PP.CD,North America,NAC,61337.1566078688
"GDP per capita, PPP (current international $)",NY.GDP.PCAP.PP.CD,Not classified,INX,..
"GDP per capita, PPP (current international $)",NY.GDP.PCAP.PP.CD,OECD members,OED,44813.2487336865
"GDP per capita, PPP (current international $)",NY.GDP.PCAP.PP.CD,Other small states,OSS,22278.4211663768
"GDP per capita, PPP (current international $)",NY.GDP.PCAP.PP.CD,Pacific island small states,PSS,6761.86168432751
"GDP per capita, PPP (current international $)",NY.GDP.PCAP.PP.CD,Post-demographic dividend,PST,49487.6012446517
"GDP per capita, PPP (current international $)",NY.GDP.PCAP.PP.CD,Pre-demographic dividend,PRE,3560.04552477006
"GDP per capita, PPP (current international $)",NY.GDP.PCAP.PP.CD,Small states,SST,20168.26203493
"GDP per capita, PPP (current international $)",NY.GDP.PCAP.PP.CD,South Asia,SAS,6297.75887683319
"GDP per capita, PPP (current international $)",NY.GDP.PCAP.PP.CD,South Asia (IDA & IBRD),TSA,6297.75887683319
"GDP per capita, PPP (current international $)",NY.GDP.PCAP.PP.CD,Sub-Saharan Africa,SSF,3894.15390867219
"GDP per capita, PPP (current international $)",NY.GDP.PCAP.PP.CD,Sub-Saharan Africa (excluding high income),SSA,3892.03546371227
"GDP per capita, PPP (current international $)",NY.GDP.PCAP.PP.CD,Sub-Saharan Africa (IDA & IBRD countries),TSS,3894.15390867219
"GDP per capita, PPP (current international $)",NY.GDP.PCAP.PP.CD,Upper middle income,UMC,17992.6421018029
"GDP per capita, PPP (current international $)",NY.GDP.PCAP.PP.CD,World,WLD,17223.9755160172
"Population, total",SP.POP.TOTL,Afghanistan,AFG,38928341
"Population, total",SP.POP.TOTL,Albania,ALB,2837849
"Population, total",SP.POP.TOTL,Algeria,DZA,43851043
"Population, total",SP.POP.TOTL,American Samoa,ASM,55197
"Population, total",SP.POP.TOTL,Andorra,AND,77265
"Population, total",SP.POP.TOTL,Angola,AGO,32866268
"Population, total",SP.POP.TOTL,Antigua and Barbuda,ATG,97928
"Population, total",SP.POP.TOTL,Argentina,ARG,45376763
"Population, total",SP.POP.TOTL,Armenia,ARM,2963234
"Population, total",SP.POP.TOTL,Aruba,ABW,106766
"Population, total",SP.POP.TOTL,Australia,AUS,25693267
"Population, total",SP.POP.TOTL,Austria,AUT,8916864
"Population, total",SP.POP.TOTL,Azerbaijan,AZE,10093121
"Population, total",SP.POP.TOTL,"Bahamas, The",BHS,393248
"Population, total",SP.POP.TOTL,Bahrain,BHR,1701583
"Population, total",SP.POP.TOTL,Bangladesh,BGD,164689383
"Population, total",SP.POP.TOTL,Barbados,BRB,287371
"Population, total",SP.POP.TOTL,Belarus,BLR,9379952
"Population, total",SP.POP.TOTL,Belgium,BEL,11544241
"Population, total",SP.POP.TOTL,Belize,BLZ,397621
"Population, total",SP.POP.TOTL,Benin,BEN,12123198
"Population, total",SP.POP.TOTL,Bermuda,BMU,63893
"Population, total",SP.POP.TOTL,Bhutan,BTN,771612
"Population, total",SP.POP.TOTL,Bolivia,BOL,11673029
"Population, total",SP.POP.TOTL,Bosnia and Herzegovina,BIH,3280815
"Population, total",SP.POP.TOTL,Botswana,BWA,2351625
"Population, total",SP.POP.TOTL,Brazil,BRA,212559409
"Population, total",SP.POP.TOTL,British Virgin Islands,VGB,30237
"Population, total",SP.POP.TOTL,Brunei Darussalam,BRN,437483
"Population, total",SP.POP.TOTL,Bulgaria,BGR,6934015
"Population, total",SP.POP.TOTL,Burkina Faso,BFA,20903278
"Population, total",SP.POP.TOTL,Burundi,BDI,11890781
"Population, total",SP.POP.TOTL,Cabo Verde,CPV,555988
"Population, total",SP.POP.TOTL,Cambodia,KHM,16718971
"Population, total",SP.POP.TOTL,Cameroon,CMR,26545864
"Population, total",SP.POP.TOTL,Canada,CAN,38037204
"Population, total",SP.POP.TOTL,Cayman Islands,CYM,65720
"Population, total",SP.POP.TOTL,Central African Republic,CAF,4829764
"Population, total",SP.POP.TOTL,Chad,TCD,16425859
"Population, total",SP.POP.TOTL,Channel Islands,CHI,173859
"Population, total",SP.POP.TOTL,Chile,CHL,19116209
"Population, total",SP.POP.TOTL,China,CHN,1411100000
"Population, total",SP.POP.TOTL,Colombia,COL,50882884
"Population, total",SP.POP.TOTL,Comoros,COM,869595
"Population, total",SP.POP.TOTL,"Congo, Dem. Rep.",COD,89561404
"Population, total",SP.POP.TOTL,"Congo, Rep.",COG,5518092
"Population, total",SP.POP.TOTL,Costa Rica,CRI,5094114
"Population, total",SP.POP.TOTL,Cote d'Ivoire,CIV,26378275
"Population, total",SP.POP.TOTL,Croatia,HRV,4047680
"Population, total",SP.POP.TOTL,Cuba,CUB,11326616
"Population, total",SP.POP.TOTL,Curacao,CUW,154947
"Population, total",SP.POP.TOTL,Cyprus,CYP,1207361
"Population, total",SP.POP.TOTL,Czech Republic,CZE,10697858
"Population, total",SP.POP.TOTL,Denmark,DNK,5831404
"Population, total",SP.POP.TOTL,Djibouti,DJI,988002
"Population, total",SP.POP.TOTL,Dominica,DMA,71991
"Population, total",SP.POP.TOTL,Dominican Republic,DOM,10847904
"Population, total",SP.POP.TOTL,Ecuador,ECU,17643060
"Population, total",SP.POP.TOTL,"Egypt, Arab Rep.",EGY,102334403
"Population, total",SP.POP.TOTL,El Salvador,SLV,6486201
"Population, total",SP.POP.TOTL,Equatorial Guinea,GNQ,1402985
"Population, total",SP.POP.TOTL,Eritrea,ERI,..
"Population, total",SP.POP.TOTL,Estonia,EST,1329479
"Population, total",SP.POP.TOTL,Eswatini,SWZ,1160164
"Population, total",SP.POP.TOTL,Ethiopia,ETH,114963583
"Population, total",SP.POP.TOTL,Faroe Islands,FRO,48865
"Population, total",SP.POP.TOTL,Fiji,FJI,896444
"Population, total",SP.POP.TOTL,Finland,FIN,5529543
"Population, total",SP.POP.TOTL,France,FRA,67379908
"Population, total",SP.POP.TOTL,French Polynesia,PYF,280904
"Population, total",SP.POP.TOTL,Gabon,GAB,2225728
"Population, total",SP.POP.TOTL,"Gambia, The",GMB,2416664
"Population, total",SP.POP.TOTL,Georgia,GEO,3722716
"Population, total",SP.POP.TOTL,Germany,DEU,83160871
"Population, total",SP.POP.TOTL,Ghana,GHA,31072945
"Population, total",SP.POP.TOTL,Gibraltar,GIB,33691
"Population, total",SP.POP.TOTL,Greece,GRC,10700556
"Population, total",SP.POP.TOTL,Greenland,GRL,56367
"Population, total",SP.POP.TOTL,Grenada,GRD,112519
"Population, total",SP.POP.TOTL,Guam,GUM,168783
"Population, total",SP.POP.TOTL,Guatemala,GTM,16858333
"Population, total",SP.POP.TOTL,Guinea,GIN,13132792
"Population, total",SP.POP.TOTL,Guinea-Bissau,GNB,1967998
"Population, total",SP.POP.TOTL,Guyana,GUY,786559
"Population, total",SP.POP.TOTL,Haiti,HTI,11402533
"Population, total",SP.POP.TOTL,Honduras,HND,9904608
"Population, total",SP.POP.TOTL,"Hong Kong SAR, China",HKG,7481000
"Population, total",SP.POP.TOTL,Hungary,HUN,9750149
"Population, total",SP.POP.TOTL,Iceland,ISL,366463
"Population, total",SP.POP.TOTL,India,IND,1380004385
"Population, total",SP.POP.TOTL,Indonesia,IDN,273523621
"Population, total",SP.POP.TOTL,"Iran, Islamic Rep.",IRN,83992953
"Population, total",SP.POP.TOTL,Iraq,IRQ,40222503
"Population, total",SP.POP.TOTL,Ireland,IRL,4985674
"Population, total",SP.POP.TOTL,Isle of Man,IMN,85032
"Population, total",SP.POP.TOTL,Israel,ISR,9215100
"Population, total",SP.POP.TOTL,Italy,ITA,59449527
"Population, total",SP.POP.TOTL,Jamaica,JAM,2961161
"Population, total",SP.POP.TOTL,Japan,JPN,126261000
"Population, total",SP.POP.TOTL,Jordan,JOR,10203140
"Population, total",SP.POP.TOTL,Kazakhstan,KAZ,18755666
"Population, total",SP.POP.TOTL,Kenya,KEN,53771300
"Population, total",SP.POP.TOTL,Kiribati,KIR,119446
"Population, total",SP.POP.TOTL,"Korea, Dem. People's Rep.",PRK,25778815
"Population, total",SP.POP.TOTL,"Korea, Rep.",KOR,51836239
"Population, total",SP.POP.TOTL,Kosovo,XKX,1790133
"Population, total",SP.POP.TOTL,Kuwait,KWT,4270563
"Population, total",SP.POP.TOTL,Kyrgyz Republic,KGZ,6579900
"Population, total",SP.POP.TOTL,Lao PDR,LAO,7275556
"Population, total",SP.POP.TOTL,Latvia,LVA,1900449
"Population, total",SP.POP.TOTL,Lebanon,LBN,6825442
"Population, total",SP.POP.TOTL,Lesotho,LSO,2142252
"Population, total",SP.POP.TOTL,Liberia,LBR,5057677
"Population, total",SP.POP.TOTL,Libya,LBY,6871287
"Population, total",SP.POP.TOTL,Liechtenstein,LIE,38137
"Population, total",SP.POP.TOTL,Lithuania,LTU,2794885
"Population, total",SP.POP.TOTL,Luxembourg,LUX,630419
"Population, total",SP.POP.TOTL,"Macao SAR, China",MAC,649342
"Population, total",SP.POP.TOTL,Madagascar,MDG,27691019
"Population, total",SP.POP.TOTL,Malawi,MWI,19129955
"Population, total",SP.POP.TOTL,Malaysia,MYS,32365998
"Population, total",SP.POP.TOTL,Maldives,MDV,540542
"Population, total",SP.POP.TOTL,Mali,MLI,20250834
"Population, total",SP.POP.TOTL,Malta,MLT,515332
"Population, total",SP.POP.TOTL,Marshall Islands,MHL,59194
"Population, total",SP.POP.TOTL,Mauritania,MRT,4649660
"Population, total",SP.POP.TOTL,Mauritius,MUS,1265740
"Population, total",SP.POP.TOTL,Mexico,MEX,128932753
"Population, total",SP.POP.TOTL,"Micronesia, Fed. Sts.",FSM,115021
"Population, total",SP.POP.TOTL,Moldova,MDA,2620495
"Population, total",SP.POP.TOTL,Monaco,MCO,39244
"Population, total",SP.POP.TOTL,Mongolia,MNG,3278292
"Population, total",SP.POP.TOTL,Montenegro,MNE,621306
"Population, total",SP.POP.TOTL,Morocco,MAR,36910558
"Population, total",SP.POP.TOTL,Mozambique,MOZ,31255435
"Population, total",SP.POP.TOTL,Myanmar,MMR,54409794
"Population, total",SP.POP.TOTL,Namibia,NAM,2540916
"Population, total",SP.POP.TOTL,Nauru,NRU,10834
"Population, total",SP.POP.TOTL,Nepal,NPL,29136808
"Population, total",SP.POP.TOTL,Netherlands,NLD,17441500
"Population, total",SP.POP.TOTL,New Caledonia,NCL,271960
"Population, total",SP.POP.TOTL,New Zealand,NZL,5090200
"Population, total",SP.POP.TOTL,Nicaragua,NIC,6624554
"Population, total",SP.POP.TOTL,Niger,NER,24206636
"Population, total",SP.POP.TOTL,Nigeria,NGA,206139587
"Population, total",SP.POP.TOTL,North Macedonia,MKD,2072531
"Population, total",SP.POP.TOTL,Northern Mariana Islands,MNP,57557
"Population, total",SP.POP.TOTL,Norway,NOR,5379475
"Population, total",SP.POP.TOTL,Oman,OMN,5106622
"Population, total",SP.POP.TOTL,Pakistan,PAK,220892331
"Population, total",SP.POP.TOTL,Palau,PLW,18092
"Population, total",SP.POP.TOTL,Panama,PAN,4314768
"Population, total",SP.POP.TOTL,Papua New Guinea,PNG,8947027
"Population, total",SP.POP.TOTL,Paraguay,PRY,7132530
"Population, total",SP.POP.TOTL,Peru,PER,32971846
"Population, total",SP.POP.TOTL,Philippines,PHL,109581085
"Population, total",SP.POP.TOTL,Poland,POL,37899070
"Population, total",SP.POP.TOTL,Portugal,PRT,10297081
"Population, total",SP.POP.TOTL,Puerto Rico,PRI,3281538
"Population, total",SP.POP.TOTL,Qatar,QAT,2881060
"Population, total",SP.POP.TOTL,Romania,ROU,19257520
"Population, total",SP.POP.TOTL,Russian Federation,RUS,144073139
"Population, total",SP.POP.TOTL,Rwanda,RWA,12952209
"Population, total",SP.POP.TOTL,Samoa,WSM,198410
"Population, total",SP.POP.TOTL,San Marino,SMR,33938
"Population, total",SP.POP.TOTL,Sao Tome and Principe,STP,219161
"Population, total",SP.POP.TOTL,Saudi Arabia,SAU,34813867
"Population, total",SP.POP.TOTL,Senegal,SEN,16743930
"Population, total",SP.POP.TOTL,Serbia,SRB,6899126
"Population, total",SP.POP.TOTL,Seychelles,SYC,98462
"Population, total",SP.POP.TOTL,Sierra Leone,SLE,7976985
"Population, total",SP.POP.TOTL,Singapore,SGP,5685807
"Population, total",SP.POP.TOTL,Sint Maarten (Dutch part),SXM,42310
"Population, total",SP.POP.TOTL,Slovak Republic,SVK,5458827
"Population, total",SP.POP.TOTL,Slovenia,SVN,2102419
"Population, total",SP.POP.TOTL,Solomon Islands,SLB,686878
"Population, total",SP.POP.TOTL,Somalia,SOM,15893219
"Population, total",SP.POP.TOTL,South Africa,ZAF,59308690
"Population, total",SP.POP.TOTL,South Sudan,SSD,11193729
"Population, total",SP.POP.TOTL,Spain,ESP,47363419
"Population, total",SP.POP.TOTL,Sri Lanka,LKA,21919000
"Population, total",SP.POP.TOTL,St. Kitts and Nevis,KNA,53192
"Population, total",SP.POP.TOTL,St. Lucia,LCA,183629
"Population, total",SP.POP.TOTL,St. Martin (French part),MAF,38659
"Population, total",SP.POP.TOTL,St. Vincent and the Grenadines,VCT,110947
"Population, total",SP.POP.TOTL,Sudan,SDN,43849269
"Population, total",SP.POP.TOTL,Suriname,SUR,586634
"Population, total",SP.POP.TOTL,Sweden,SWE,10353442
"Population, total",SP.POP.TOTL,Switzerland,CHE,8636561
"Population, total",SP.POP.TOTL,Syrian Arab Republic,SYR,17500657
"Population, total",SP.POP.TOTL,Tajikistan,TJK,9537642
"Population, total",SP.POP.TOTL,Tanzania,TZA,59734213
"Population, total",SP.POP.TOTL,Thailand,THA,69799978
"Population, total",SP.POP.TOTL,Timor-Leste,TLS,1318442
"Population, total",SP.POP.TOTL,Togo,TGO,8278737
"Population, total",SP.POP.TOTL,Tonga,TON,105697
"Population, total",SP.POP.TOTL,Trinidad and Tobago,TTO,1399491
"Population, total",SP.POP.TOTL,Tunisia,TUN,11818618
"Population, total",SP.POP.TOTL,Turkiye,TUR,84339067
"Population, total",SP.POP.TOTL,Turkmenistan,TKM,6031187
"Population, total",SP.POP.TOTL,Turks and Caicos Islands,TCA,38718
"Population, total",SP.POP.TOTL,Tuvalu,TUV,11792
"Population, total",SP.POP.TOTL,Uganda,UGA,45741000
"Population, total",SP.POP.TOTL,Ukraine,UKR,44132049
"Population, total",SP.POP.TOTL,United Arab Emirates,ARE,9890400
"Population, total",SP.POP.TOTL,United Kingdom,GBR,67081000
"Population, total",SP.POP.TOTL,United States,USA,331501080
"Population, total",SP.POP.TOTL,Uruguay,URY,3473727
"Population, total",SP.POP.TOTL,Uzbekistan,UZB,34232050
"Population, total",SP.POP.TOTL,Vanuatu,VUT,307150
"Population, total",SP.POP.TOTL,"Venezuela, RB",VEN,28435943
"Population, total",SP.POP.TOTL,Vietnam,VNM,97338583
"Population, total",SP.POP.TOTL,Virgin Islands (U.S.),VIR,106290
"Population, total",SP.POP.TOTL,West Bank and Gaza,PSE,4803269
"Population, total",SP.POP.TOTL,"Yemen, Rep.",YEM,29825968
"Population, total",SP.POP.TOTL,Zambia,ZMB,18383956
"Population, total",SP.POP.TOTL,Zimbabwe,ZWE,14862927
"Population, total",SP.POP.TOTL,Africa Eastern and Southern,AFE,677243299
"Population, total",SP.POP.TOTL,Africa Western and Central,AFW,458803476
"Population, total",SP.POP.TOTL,Arab World,ARB,436080728
"Population, total",SP.POP.TOTL,Caribbean small states,CSS,7442291
"Population, total",SP.POP.TOTL,Central Europe and the Baltics,CEB,102172351
"Population, total",SP.POP.TOTL,Early-demographic dividend,EAR,3332103561
"Population, total",SP.POP.TOTL,East Asia & Pacific,EAS,2361517682
"Population, total",SP.POP.TOTL,East Asia & Pacific (excluding high income),EAP,2114009483
"Population, total",SP.POP.TOTL,East Asia & Pacific (IDA & IBRD countries),TEA,2088186305
"Population, total",SP.POP.TOTL,Euro area,EMU,342708355
"Population, total",SP.POP.TOTL,Europe & Central Asia,ECS,922976036
"Population, total",SP.POP.TOTL,Europe & Central Asia (excluding high income),ECA,400895993
"Population, total",SP.POP.TOTL,Europe & Central Asia (IDA & IBRD countries),TEC,462100263
"Population, total",SP.POP.TOTL,European Union,EUU,447479493
"Population, total",SP.POP.TOTL,Fragile and conflict affected situations,FCS,960960554
"Population, total",SP.POP.TOTL,Heavily indebted poor countries (HIPC),HPC,823480038
"Population, total",SP.POP.TOTL,High income,HIC,1240684527
"Population, total",SP.POP.TOTL,IBRD only,IBD,4862446431
"Population, total",SP.POP.TOTL,IDA & IBRD total,IBT,6571053159
"Population, total",SP.POP.TOTL,IDA blend,IDB,574159138
"Population, total",SP.POP.TOTL,IDA only,IDX,1134447590
"Population, total",SP.POP.TOTL,IDA total,IDA,1708606728
"Population, total",SP.POP.TOTL,Late-demographic dividend,LTE,2316803603
"Population, total",SP.POP.TOTL,Latin America & Caribbean,LCN,652365260
"Population, total",SP.POP.TOTL,Latin America & Caribbean (excluding high income),LAC,590928198
"Population, total",SP.POP.TOTL,Latin America & the Caribbean (IDA & IBRD countries),TLA,636492840
"Population, total",SP.POP.TOTL,Least developed countries: UN classification,LDC,1057131013
"Population, total",SP.POP.TOTL,Low & middle income,LMY,6494812232
"Population, total",SP.POP.TOTL,Low income,LIC,683532991
"Population, total",SP.POP.TOTL,Lower middle income,LMC,3318682068
"Population, total",SP.POP.TOTL,Middle East & North Africa,MEA,464542370
"Population, total",SP.POP.TOTL,Middle East & North Africa (excluding high income),MNA,396147843
"Population, total",SP.POP.TOTL,Middle East & North Africa (IDA & IBRD countries),TMN,391344574
"Population, total",SP.POP.TOTL,Middle income,MIC,5811279241
"Population, total",SP.POP.TOTL,North America,NAC,369602177
"Population, total",SP.POP.TOTL,Not classified,INX,..
"Population, total",SP.POP.TOTL,OECD members,OED,1372980201
"Population, total",SP.POP.TOTL,Other small states,OSS,31929881
"Population, total",SP.POP.TOTL,Pacific island small states,PSS,2528958
"Population, total",SP.POP.TOTL,Post-demographic dividend,PST,1117278019
"Population, total",SP.POP.TOTL,Pre-demographic dividend,PRE,970795671
"Population, total",SP.POP.TOTL,Small states,SST,41901130
"Population, total",SP.POP.TOTL,South Asia,SAS,1856882402
"Population, total",SP.POP.TOTL,South Asia (IDA & IBRD),TSA,1856882402
"Population, total",SP.POP.TOTL,Sub-Saharan Africa,SSF,1136046775
"Population, total",SP.POP.TOTL,Sub-Saharan Africa (excluding high income),SSA,1135948313
"Population, total",SP.POP.TOTL,Sub-Saharan Africa (IDA & IBRD countries),TSS,1136046775
"Population, total",SP.POP.TOTL,Upper middle income,UMC,2492597173
"Population, total",SP.POP.TOTL,World,WLD,7763932702
,,,,
,,,,
,,,,
Data from database: World Development Indicators,,,,
Last Updated: 07/20/2022,,,,
